{"charErrorRates": [0.13465840710578195, 0.12080715303568396, 0.11658384955588863, 0.11662076654434837, 0.11329823758297093, 0.11066236460694483, 0.10881651518395735, 0.10785667348400386, 0.10156601865046257, 0.10395823950265433, 0.10526510089412947, 0.10292456382578134, 0.1051691167241341, 0.1033306506988386, 0.09972755262516705, 0.10197210552351982, 0.10249632675964826, 0.09692924489991804, 0.09927716536595811, 0.10076861169973199, 0.10107133100510193, 0.09938791633133735, 0.09837639084754023, 0.09839115764292412, 0.09579958505304971, 0.09825825648446902, 0.09906304683289156, 0.09641240706148155, 0.09787431980448763, 0.09599893679073236, 0.09469207539925723, 0.0933113800308626, 0.10209762328428296, 0.0967003595714676, 0.09638287347071375, 0.09819918930293342, 0.0991147306167352, 0.0960358537791921, 0.09521629663538567, 0.09647147424301715, 0.09518676304461787, 0.09750514991989014], "wordAccuracies": [0.14394727714186611, 0.18227540756156782, 0.17950052029136315, 0.19129379118973291, 0.2065556711758585, 0.21626777662157476, 0.2133194588969823, 0.22043010752688172, 0.2285813388831079, 0.23118279569892472, 0.22875476933749567, 0.23829344432882413, 0.2297953520638224, 0.23638570933055844, 0.24956642386403052, 0.2445369406867846, 0.2351716961498439, 0.2571973638570933, 0.2447103711411724, 0.2407214706902532, 0.24575095386749912, 0.25147415886229624, 0.24904613250086716, 0.25320846340617414, 0.25858480749219565, 0.25043357613596945, 0.24939299340964274, 0.2672563302115852, 0.25095386749913284, 0.25823794658342003, 0.2613596947624003, 0.2733263961151578, 0.24835241068331598, 0.2606659729448491, 0.2559833506763788, 0.259105098855359, 0.2570239334027055, 0.25789108567464447, 0.26881720430107525, 0.2601456815816857, 0.27107180020811655, 0.2589316684009712]}