{"averageTrainLoss": [15.086503451273321, 11.80682605151172, 8.50042841532459, 5.989076766793587, 4.784433282129297, 4.119063711601849, 3.6683368573994395, 3.35289892214074, 3.1182144450270424, 2.9360369438450085, 2.7686703390182426, 2.627775740950075, 2.5125575849454695, 2.414181508430063, 2.319778454358175, 2.2274280438140104, 2.1464879055545754, 2.0975650233220837, 2.023983709888371, 1.960928140165599, 1.8956918019682305, 1.8559052410735388, 1.807419334372429, 1.7622142050364247, 1.7190501831437899, 1.6677223411324906, 1.6305917670193328, 1.5921339814521407, 1.5527923210570802, 1.5140911874161462, 1.5037295225004084, 1.4648525339283356, 1.4274578203349353, 1.3958771288667096, 1.3755589015951983, 1.3371993401279187, 1.3157399266822154, 1.2867306163321892, 1.2732809934441902, 1.2471299016312376, 1.2202557368909932, 1.1879014508909287, 1.1739415066427292, 1.1497528713587757, 1.1261942329472059, 1.1137612859408061, 1.0925575919347266, 1.0788345072911754, 1.056552612346057, 1.0410990524509727, 1.0246631813375917, 1.0049358609060175, 0.9903009185507962, 0.9633618092428059, 0.9590937315601192, 0.9404967677647664, 0.9305891484430392, 0.9180268729658432, 0.8934843153714045, 0.8841429309213542, 0.8621011888055496, 0.8525127735856461, 0.8454668981843887, 0.8313737204085746, 0.8291897790072715, 0.8013704922645604, 0.7998456250042676, 0.7895802063484715, 0.7793981223345892, 0.7633428090511392, 0.7621235822978085, 0.7427142753720828, 0.7352112765725889, 0.7325049271322277, 0.7232390849013307, 0.7085601941907786, 0.7050034036375072, 0.6909680426392926, 0.6912661143089538, 0.6731881027080152, 0.6730550632357053, 0.6615714966978656, 0.6551004638682761, 0.6479103166490929, 0.6384182404981901, 0.6384009929824638, 0.6263828469465856, 0.6198615584199287, 0.6256129596059181, 0.6101554979200232], "charErrorRates": [0.9697441601779755, 0.8684315906562847, 0.5174193548387097, 0.3385984427141268, 0.2704783092324805, 0.25619577308120134, 0.22015572858731924, 0.19839822024471634, 0.196440489432703, 0.17904338153503893, 0.1796662958843159, 0.17343715239154617, 0.1677864293659622, 0.15515016685205785, 0.1524805339265851, 0.15136818687430478, 0.14616240266963293, 0.14149054505005562, 0.13659621802002225, 0.13944382647385983, 0.14113459399332592, 0.13490545050055616, 0.13379310344827586, 0.13423804226918798, 0.12867630700778643, 0.12698553948832036, 0.12738598442714127, 0.13205784204671858, 0.1296551724137931, 0.12587319243604003, 0.12097886540600668, 0.12760845383759734, 0.11688542825361513, 0.11781979977753058, 0.12013348164627363, 0.11799777530589543, 0.11795328142380422, 0.11724137931034483, 0.11457174638487208, 0.11506117908787541, 0.11595105672969967, 0.1178642936596218, 0.11559510567296996, 0.11626251390433816, 0.11648498331479422, 0.11439377085650723, 0.116440489432703, 0.1157285873192436, 0.11243604004449388, 0.1146607341490545, 0.11363737486095662, 0.11608453837597331, 0.11190211345939934, 0.11216907675194661, 0.1139043381535039, 0.11684093437152392, 0.11225806451612903, 0.11328142380422691, 0.11181312569521691, 0.11283648498331479, 0.11394883203559511, 0.10887652947719688, 0.10941045606229144, 0.1146607341490545, 0.11448275862068966, 0.11265850945494994, 0.11136818687430479, 0.11203559510567297, 0.11136818687430479, 0.11101223581757508, 0.11132369299221358, 0.11225806451612903, 0.11154616240266964, 0.11221357063403782, 0.10789766407119021, 0.112880978865406, 0.11163515016685206, 0.11021134593993326, 0.11012235817575083, 0.11105672969966629, 0.11532814238042269, 0.10807563959955506, 0.1117686318131257, 0.11119021134593993, 0.11470522803114572, 0.11172413793103449, 0.11292547274749722, 0.11319243604004449, 0.11310344827586206, 0.11047830923248053], "wordAccuracies": [0.061394380853277836, 0.08446063128685397, 0.2355185570586195, 0.3813735691987513, 0.4614984391259105, 0.4779743322927506, 0.5329517863336802, 0.5723204994797086, 0.570412764481443, 0.6033645508151232, 0.6021505376344086, 0.6028442594519597, 0.611689212625737, 0.644120707596254, 0.6488033298647242, 0.6470690253208463, 0.6569545612209504, 0.6671869580298301, 0.6744710371141173, 0.6678806798473812, 0.6671869580298301, 0.6808879639264654, 0.6744710371141173, 0.6840097121054457, 0.6933749566423864, 0.6919875130072841, 0.6973638570933056, 0.6859174471037114, 0.6890391952826916, 0.6951092611862643, 0.709503988900451, 0.690426638917794, 0.7136663198057579, 0.7131460284425946, 0.7051682275407561, 0.709503988900451, 0.7145334720776968, 0.714360041623309, 0.7219909816163719, 0.7181755116198404, 0.7169614984391259, 0.7147069025320847, 0.7209503988900451, 0.7174817898022893, 0.7173083593479015, 0.7258064516129032, 0.7181755116198404, 0.7214706902532084, 0.72840790842872, 0.7195629552549427, 0.7212972597988206, 0.7190426638917794, 0.7278876170655567, 0.7265001734304544, 0.7304890738813735, 0.7171349288935137, 0.7219909816163719, 0.7238987166146376, 0.7261533125216788, 0.7247658688865765, 0.7228581338883108, 0.7355185570586195, 0.7349982656954561, 0.7263267429760666, 0.720256677072494, 0.7249392993409642, 0.7297953520638224, 0.725112729795352, 0.7341311134235172, 0.7306625043357614, 0.7282344779743323, 0.731009365244537, 0.7289281997918835, 0.7282344779743323, 0.7346514047866806, 0.7268470343392299, 0.7242455775234131, 0.7296219216094346, 0.7317030870620881, 0.7287547693374956, 0.719389524800555, 0.7327436697884149, 0.7277141866111689, 0.730142212972598, 0.7232049947970863, 0.7336108220603538, 0.7237252861602498, 0.7252861602497399, 0.722684703433923, 0.7289281997918835]}